subject_id,visit_date,measured_QOL
MOCK_REDCAP_SUBJECT_0001,2026-06-30,30
MOCK_REDCAP_SUBJECT_0001,2026-08-10,26
MOCK_REDCAP_SUBJECT_0001,2026-09-06,25
MOCK_REDCAP_SUBJECT_0002,2026-01-11,18
MOCK_REDCAP_SUBJECT_0002,2026-02-12,18
MOCK_REDCAP_SUBJECT_0002,2026-03-12,17
MOCK_REDCAP_SUBJECT_0002,2026-03-30,16
MOCK_REDCAP_SUBJECT_0002,2026-04-05,13
MOCK_REDCAP_SUBJECT_0002,2026-06-08,17
MOCK_REDCAP_SUBJECT_0002,2026-06-11,14
MOCK_REDCAP_SUBJECT_0002,2026-08-27,16
MOCK_REDCAP_SUBJECT_0003,2025-12-17,30
MOCK_REDCAP_SUBJECT_0003,2026-03-10,27
MOCK_REDCAP_SUBJECT_0003,2026-05-04,30
MOCK_REDCAP_SUBJECT_0004,2025-12-26,25
MOCK_REDCAP_SUBJECT_0004,2026-03-23,20
MOCK_REDCAP_SUBJECT_0004,2026-04-11,17
MOCK_REDCAP_SUBJECT_0004,2026-04-29,26
MOCK_REDCAP_SUBJECT_0004,2026-08-26,27
MOCK_REDCAP_SUBJECT_0005,2026-01-14,17
MOCK_REDCAP_SUBJECT_0005,2026-01-29,17
MOCK_REDCAP_SUBJECT_0005,2026-03-30,25
MOCK_REDCAP_SUBJECT_0005,2026-05-04,24
MOCK_REDCAP_SUBJECT_0005,2026-05-07,24
MOCK_REDCAP_SUBJECT_0006,2026-01-20,27
MOCK_REDCAP_SUBJECT_0006,2026-06-27,27
MOCK_REDCAP_SUBJECT_0006,2026-06-30,29
MOCK_REDCAP_SUBJECT_0007,2026-01-10,27
MOCK_REDCAP_SUBJECT_0007,2026-01-31,25
MOCK_REDCAP_SUBJECT_0007,2026-07-30,29
MOCK_REDCAP_SUBJECT_0008,2026-05-05,25
MOCK_REDCAP_SUBJECT_0008,2026-07-30,26
MOCK_REDCAP_SUBJECT_0008,2026-08-21,29
MOCK_REDCAP_SUBJECT_0009,2026-02-20,24
MOCK_REDCAP_SUBJECT_0009,2026-02-28,29
MOCK_REDCAP_SUBJECT_0009,2026-09-26,25
MOCK_REDCAP_SUBJECT_0010,2026-01-29,32
MOCK_REDCAP_SUBJECT_0011,2026-02-16,18
MOCK_REDCAP_SUBJECT_0011,2026-02-18,21
MOCK_REDCAP_SUBJECT_0011,2026-05-08,22
MOCK_REDCAP_SUBJECT_0011,2026-06-18,26
MOCK_REDCAP_SUBJECT_0011,2026-09-13,24
MOCK_REDCAP_SUBJECT_0012,2026-03-12,22
MOCK_REDCAP_SUBJECT_0012,2026-04-04,22
MOCK_REDCAP_SUBJECT_0012,2026-04-15,21
MOCK_REDCAP_SUBJECT_0012,2026-08-29,25
MOCK_REDCAP_SUBJECT_0012,2026-09-05,21
MOCK_REDCAP_SUBJECT_0013,2026-01-03,27
MOCK_REDCAP_SUBJECT_0013,2026-05-29,23
MOCK_REDCAP_SUBJECT_0013,2026-08-13,26
MOCK_REDCAP_SUBJECT_0014,2026-04-19,29
MOCK_REDCAP_SUBJECT_0014,2026-07-27,23
MOCK_REDCAP_SUBJECT_0014,2026-08-27,24
MOCK_REDCAP_SUBJECT_0015,2026-03-30,23
MOCK_REDCAP_SUBJECT_0015,2026-05-31,27
MOCK_REDCAP_SUBJECT_0015,2026-07-01,26
MOCK_REDCAP_SUBJECT_0016,2025-12-22,27
MOCK_REDCAP_SUBJECT_0016,2026-04-20,26
MOCK_REDCAP_SUBJECT_0016,2026-07-21,25
MOCK_REDCAP_SUBJECT_0017,2026-02-06,28
MOCK_REDCAP_SUBJECT_0017,2026-02-09,27
MOCK_REDCAP_SUBJECT_0017,2026-09-30,28
MOCK_REDCAP_SUBJECT_0018,2026-01-06,24
MOCK_REDCAP_SUBJECT_0018,2026-03-17,29
MOCK_REDCAP_SUBJECT_0018,2026-07-28,26
MOCK_REDCAP_SUBJECT_0019,2026-04-11,32
MOCK_REDCAP_SUBJECT_0020,2026-02-26,32
MOCK_REDCAP_SUBJECT_0021,2026-01-18,23
MOCK_REDCAP_SUBJECT_0021,2026-04-25,19
MOCK_REDCAP_SUBJECT_0021,2026-05-28,23
MOCK_REDCAP_SUBJECT_0021,2026-08-25,21
MOCK_REDCAP_SUBJECT_0021,2026-09-20,23
MOCK_REDCAP_SUBJECT_0022,2025-12-25,18
MOCK_REDCAP_SUBJECT_0022,2026-02-13,14
MOCK_REDCAP_SUBJECT_0022,2026-03-01,15
MOCK_REDCAP_SUBJECT_0022,2026-03-26,17
MOCK_REDCAP_SUBJECT_0022,2026-06-18,14
MOCK_REDCAP_SUBJECT_0022,2026-07-14,14
MOCK_REDCAP_SUBJECT_0022,2026-07-31,15
MOCK_REDCAP_SUBJECT_0022,2026-09-30,13
MOCK_REDCAP_SUBJECT_0023,2026-04-30,25
MOCK_REDCAP_SUBJECT_0023,2026-07-11,30
MOCK_REDCAP_SUBJECT_0023,2026-09-17,26
MOCK_REDCAP_SUBJECT_0024,2026-04-27,32
MOCK_REDCAP_SUBJECT_0025,2026-06-15,32
MOCK_REDCAP_SUBJECT_0026,2026-02-07,15
MOCK_REDCAP_SUBJECT_0026,2026-05-27,21
MOCK_REDCAP_SUBJECT_0026,2026-07-12,22
MOCK_REDCAP_SUBJECT_0026,2026-08-30,17
MOCK_REDCAP_SUBJECT_0026,2026-09-18,19
MOCK_REDCAP_SUBJECT_0027,2026-01-17,27
MOCK_REDCAP_SUBJECT_0027,2026-02-20,29
MOCK_REDCAP_SUBJECT_0027,2026-05-04,26
MOCK_REDCAP_SUBJECT_0028,2026-04-13,29
MOCK_REDCAP_SUBJECT_0028,2026-06-08,27
MOCK_REDCAP_SUBJECT_0028,2026-08-16,28
MOCK_REDCAP_SUBJECT_0029,2026-04-03,30
MOCK_REDCAP_SUBJECT_0029,2026-05-21,24
MOCK_REDCAP_SUBJECT_0029,2026-08-24,28
MOCK_REDCAP_SUBJECT_0030,2026-03-23,24
MOCK_REDCAP_SUBJECT_0030,2026-06-07,20
MOCK_REDCAP_SUBJECT_0030,2026-06-15,21
MOCK_REDCAP_SUBJECT_0030,2026-07-05,20
MOCK_REDCAP_SUBJECT_0030,2026-08-26,23
MOCK_REDCAP_SUBJECT_0031,2026-03-20,32
MOCK_REDCAP_SUBJECT_0032,2026-02-24,12
MOCK_REDCAP_SUBJECT_0032,2026-02-26,12
MOCK_REDCAP_SUBJECT_0032,2026-03-10,7
MOCK_REDCAP_SUBJECT_0032,2026-03-13,11
MOCK_REDCAP_SUBJECT_0032,2026-03-25,12
MOCK_REDCAP_SUBJECT_0032,2026-05-03,9
MOCK_REDCAP_SUBJECT_0032,2026-05-07,15
MOCK_REDCAP_SUBJECT_0032,2026-05-21,9
MOCK_REDCAP_SUBJECT_0032,2026-07-27,10
MOCK_REDCAP_SUBJECT_0032,2026-09-09,12
MOCK_REDCAP_SUBJECT_0033,2026-02-09,22
MOCK_REDCAP_SUBJECT_0033,2026-03-30,20
MOCK_REDCAP_SUBJECT_0033,2026-04-13,22
MOCK_REDCAP_SUBJECT_0033,2026-05-29,20
MOCK_REDCAP_SUBJECT_0033,2026-07-21,24
MOCK_REDCAP_SUBJECT_0034,2026-01-25,20
MOCK_REDCAP_SUBJECT_0034,2026-03-08,14
MOCK_REDCAP_SUBJECT_0034,2026-05-10,15
MOCK_REDCAP_SUBJECT_0034,2026-05-31,13
MOCK_REDCAP_SUBJECT_0034,2026-06-10,16
MOCK_REDCAP_SUBJECT_0034,2026-08-05,20
MOCK_REDCAP_SUBJECT_0034,2026-09-01,17
MOCK_REDCAP_SUBJECT_0034,2026-09-27,16
MOCK_REDCAP_SUBJECT_0035,2026-07-16,29
MOCK_REDCAP_SUBJECT_0035,2026-07-19,24
MOCK_REDCAP_SUBJECT_0035,2026-09-04,22
MOCK_REDCAP_SUBJECT_0036,2026-04-01,32
MOCK_REDCAP_SUBJECT_0037,2026-06-12,22
MOCK_REDCAP_SUBJECT_0037,2026-07-21,23
MOCK_REDCAP_SUBJECT_0037,2026-09-25,28
MOCK_REDCAP_SUBJECT_0038,2026-03-27,27
MOCK_REDCAP_SUBJECT_0038,2026-06-25,27
MOCK_REDCAP_SUBJECT_0038,2026-08-11,27
MOCK_REDCAP_SUBJECT_0039,2026-03-14,19
MOCK_REDCAP_SUBJECT_0039,2026-06-03,21
MOCK_REDCAP_SUBJECT_0039,2026-06-27,22
MOCK_REDCAP_SUBJECT_0039,2026-07-22,25
MOCK_REDCAP_SUBJECT_0039,2026-08-03,21
MOCK_REDCAP_SUBJECT_0040,2026-03-22,12
MOCK_REDCAP_SUBJECT_0040,2026-03-27,9
MOCK_REDCAP_SUBJECT_0040,2026-03-30,7
MOCK_REDCAP_SUBJECT_0040,2026-04-14,9
MOCK_REDCAP_SUBJECT_0040,2026-04-16,7
MOCK_REDCAP_SUBJECT_0040,2026-05-12,16
MOCK_REDCAP_SUBJECT_0040,2026-05-27,11
MOCK_REDCAP_SUBJECT_0040,2026-05-30,11
MOCK_REDCAP_SUBJECT_0040,2026-07-05,12
MOCK_REDCAP_SUBJECT_0040,2026-08-26,9
MOCK_REDCAP_SUBJECT_0041,2026-05-03,29
MOCK_REDCAP_SUBJECT_0041,2026-06-07,27
MOCK_REDCAP_SUBJECT_0041,2026-07-19,27
MOCK_REDCAP_SUBJECT_0042,2026-03-25,21
MOCK_REDCAP_SUBJECT_0042,2026-07-11,25
MOCK_REDCAP_SUBJECT_0042,2026-07-14,21
MOCK_REDCAP_SUBJECT_0042,2026-07-21,20
MOCK_REDCAP_SUBJECT_0042,2026-09-27,24
MOCK_REDCAP_SUBJECT_0043,2026-06-14,28
MOCK_REDCAP_SUBJECT_0043,2026-08-28,29
MOCK_REDCAP_SUBJECT_0043,2026-09-09,28
MOCK_REDCAP_SUBJECT_0044,2026-03-06,30
MOCK_REDCAP_SUBJECT_0044,2026-03-07,30
MOCK_REDCAP_SUBJECT_0044,2026-08-19,25
MOCK_REDCAP_SUBJECT_0045,2026-04-09,14
MOCK_REDCAP_SUBJECT_0045,2026-05-05,17
MOCK_REDCAP_SUBJECT_0045,2026-06-14,16
MOCK_REDCAP_SUBJECT_0045,2026-07-12,15
MOCK_REDCAP_SUBJECT_0045,2026-07-22,15
MOCK_REDCAP_SUBJECT_0045,2026-08-12,13
MOCK_REDCAP_SUBJECT_0045,2026-08-27,16
MOCK_REDCAP_SUBJECT_0045,2026-09-22,15
MOCK_REDCAP_SUBJECT_0046,2026-06-14,28
MOCK_REDCAP_SUBJECT_0046,2026-07-05,25
MOCK_REDCAP_SUBJECT_0046,2026-08-12,21
MOCK_REDCAP_SUBJECT_0047,2026-03-12,25
MOCK_REDCAP_SUBJECT_0047,2026-07-02,27
MOCK_REDCAP_SUBJECT_0047,2026-07-09,28
MOCK_REDCAP_SUBJECT_0048,2026-04-17,24
MOCK_REDCAP_SUBJECT_0048,2026-06-15,26
MOCK_REDCAP_SUBJECT_0048,2026-07-27,28
MOCK_REDCAP_SUBJECT_0049,2026-03-31,21
MOCK_REDCAP_SUBJECT_0049,2026-08-16,22
MOCK_REDCAP_SUBJECT_0049,2026-08-17,21
MOCK_REDCAP_SUBJECT_0049,2026-09-05,12
MOCK_REDCAP_SUBJECT_0049,2026-09-24,25
MOCK_REDCAP_SUBJECT_0050,2026-05-25,22
MOCK_REDCAP_SUBJECT_0050,2026-06-23,20
MOCK_REDCAP_SUBJECT_0050,2026-08-15,22
MOCK_REDCAP_SUBJECT_0050,2026-08-24,18
MOCK_REDCAP_SUBJECT_0050,2026-09-28,25
MOCK_REDCAP_SUBJECT_0051,2026-04-27,26
MOCK_REDCAP_SUBJECT_0051,2026-07-26,30
MOCK_REDCAP_SUBJECT_0051,2026-08-24,25
MOCK_REDCAP_SUBJECT_0052,2026-03-25,20
MOCK_REDCAP_SUBJECT_0052,2026-05-10,23
MOCK_REDCAP_SUBJECT_0052,2026-07-27,21
MOCK_REDCAP_SUBJECT_0052,2026-08-07,20
MOCK_REDCAP_SUBJECT_0052,2026-08-29,27
MOCK_REDCAP_SUBJECT_0053,2026-03-29,27
MOCK_REDCAP_SUBJECT_0053,2026-07-17,26
MOCK_REDCAP_SUBJECT_0053,2026-08-30,28
MOCK_REDCAP_SUBJECT_0054,2026-03-22,15
MOCK_REDCAP_SUBJECT_0054,2026-03-29,16
MOCK_REDCAP_SUBJECT_0054,2026-05-04,16
MOCK_REDCAP_SUBJECT_0054,2026-05-05,18
MOCK_REDCAP_SUBJECT_0054,2026-05-24,20
MOCK_REDCAP_SUBJECT_0054,2026-07-03,16
MOCK_REDCAP_SUBJECT_0054,2026-07-16,16
MOCK_REDCAP_SUBJECT_0054,2026-09-16,9
MOCK_REDCAP_SUBJECT_0055,2026-03-07,10
MOCK_REDCAP_SUBJECT_0055,2026-03-09,10
MOCK_REDCAP_SUBJECT_0055,2026-05-05,10
MOCK_REDCAP_SUBJECT_0055,2026-05-21,11
MOCK_REDCAP_SUBJECT_0055,2026-06-09,10
MOCK_REDCAP_SUBJECT_0055,2026-06-21,10
MOCK_REDCAP_SUBJECT_0055,2026-07-23,12
MOCK_REDCAP_SUBJECT_0055,2026-07-31,13
MOCK_REDCAP_SUBJECT_0055,2026-08-10,7
MOCK_REDCAP_SUBJECT_0055,2026-09-20,13
MOCK_REDCAP_SUBJECT_0056,2026-03-19,27
MOCK_REDCAP_SUBJECT_0056,2026-07-05,28
MOCK_REDCAP_SUBJECT_0056,2026-09-02,30
MOCK_REDCAP_SUBJECT_0057,2026-06-08,23
MOCK_REDCAP_SUBJECT_0057,2026-07-22,27
MOCK_REDCAP_SUBJECT_0057,2026-07-31,26
MOCK_REDCAP_SUBJECT_0058,2026-03-28,27
MOCK_REDCAP_SUBJECT_0058,2026-04-28,28
MOCK_REDCAP_SUBJECT_0058,2026-06-10,31
MOCK_REDCAP_SUBJECT_0059,2026-03-22,5
MOCK_REDCAP_SUBJECT_0059,2026-04-24,5
MOCK_REDCAP_SUBJECT_0059,2026-04-29,5
MOCK_REDCAP_SUBJECT_0059,2026-05-05,5
MOCK_REDCAP_SUBJECT_0059,2026-05-11,5
MOCK_REDCAP_SUBJECT_0059,2026-06-11,5
MOCK_REDCAP_SUBJECT_0059,2026-07-12,5
MOCK_REDCAP_SUBJECT_0059,2026-07-14,5
MOCK_REDCAP_SUBJECT_0059,2026-07-23,5
MOCK_REDCAP_SUBJECT_0059,2026-09-06,5
MOCK_REDCAP_SUBJECT_0059,2026-09-20,5
MOCK_REDCAP_SUBJECT_0059,2026-09-25,5
MOCK_REDCAP_SUBJECT_0060,2026-06-11,27
MOCK_REDCAP_SUBJECT_0060,2026-08-24,31
MOCK_REDCAP_SUBJECT_0060,2026-09-09,28
MOCK_REDCAP_SUBJECT_0061,2026-04-18,32
MOCK_REDCAP_SUBJECT_0062,2026-03-27,26
MOCK_REDCAP_SUBJECT_0062,2026-04-04,18
MOCK_REDCAP_SUBJECT_0062,2026-04-27,23
MOCK_REDCAP_SUBJECT_0062,2026-06-03,25
MOCK_REDCAP_SUBJECT_0062,2026-07-19,17
MOCK_REDCAP_SUBJECT_0063,2026-04-23,25
MOCK_REDCAP_SUBJECT_0063,2026-05-10,28
MOCK_REDCAP_SUBJECT_0063,2026-09-14,23
MOCK_REDCAP_SUBJECT_0064,2026-08-06,28
MOCK_REDCAP_SUBJECT_0064,2026-08-07,27
MOCK_REDCAP_SUBJECT_0064,2026-09-02,31
MOCK_REDCAP_SUBJECT_0065,2026-05-05,28
MOCK_REDCAP_SUBJECT_0065,2026-07-30,30
MOCK_REDCAP_SUBJECT_0065,2026-08-04,29
MOCK_REDCAP_SUBJECT_0066,2026-06-18,24
MOCK_REDCAP_SUBJECT_0066,2026-07-08,19
MOCK_REDCAP_SUBJECT_0066,2026-07-12,20
MOCK_REDCAP_SUBJECT_0066,2026-08-05,18
MOCK_REDCAP_SUBJECT_0066,2026-08-14,21
MOCK_REDCAP_SUBJECT_0067,2026-04-04,9
MOCK_REDCAP_SUBJECT_0067,2026-04-24,11
MOCK_REDCAP_SUBJECT_0067,2026-06-18,14
MOCK_REDCAP_SUBJECT_0067,2026-07-01,14
MOCK_REDCAP_SUBJECT_0067,2026-07-12,11
MOCK_REDCAP_SUBJECT_0067,2026-07-30,10
MOCK_REDCAP_SUBJECT_0067,2026-08-13,9
MOCK_REDCAP_SUBJECT_0067,2026-09-04,9
MOCK_REDCAP_SUBJECT_0067,2026-09-09,10
MOCK_REDCAP_SUBJECT_0067,2026-09-18,11
MOCK_REDCAP_SUBJECT_0068,2026-04-17,30
MOCK_REDCAP_SUBJECT_0068,2026-07-29,30
MOCK_REDCAP_SUBJECT_0068,2026-09-11,26
MOCK_REDCAP_SUBJECT_0069,2026-05-07,28
MOCK_REDCAP_SUBJECT_0069,2026-06-18,26
MOCK_REDCAP_SUBJECT_0069,2026-09-24,28
MOCK_REDCAP_SUBJECT_0070,2026-04-12,32
MOCK_REDCAP_SUBJECT_0071,2026-05-28,19
MOCK_REDCAP_SUBJECT_0071,2026-07-15,21
MOCK_REDCAP_SUBJECT_0071,2026-07-31,26
MOCK_REDCAP_SUBJECT_0071,2026-09-05,23
MOCK_REDCAP_SUBJECT_0071,2026-09-15,17
MOCK_REDCAP_SUBJECT_0072,2026-05-14,23
MOCK_REDCAP_SUBJECT_0072,2026-06-02,22
MOCK_REDCAP_SUBJECT_0072,2026-07-07,23
MOCK_REDCAP_SUBJECT_0072,2026-08-05,22
MOCK_REDCAP_SUBJECT_0072,2026-08-12,16
MOCK_REDCAP_SUBJECT_0073,2026-05-05,27
MOCK_REDCAP_SUBJECT_0073,2026-05-18,24
MOCK_REDCAP_SUBJECT_0073,2026-06-15,21
MOCK_REDCAP_SUBJECT_0074,2026-04-20,21
MOCK_REDCAP_SUBJECT_0074,2026-04-24,23
MOCK_REDCAP_SUBJECT_0074,2026-07-22,23
MOCK_REDCAP_SUBJECT_0074,2026-08-22,22
MOCK_REDCAP_SUBJECT_0074,2026-09-06,15
MOCK_REDCAP_SUBJECT_0075,2026-05-11,8
MOCK_REDCAP_SUBJECT_0075,2026-05-17,12
MOCK_REDCAP_SUBJECT_0075,2026-06-06,7
MOCK_REDCAP_SUBJECT_0075,2026-07-03,12
MOCK_REDCAP_SUBJECT_0075,2026-08-06,11
MOCK_REDCAP_SUBJECT_0075,2026-08-28,8
MOCK_REDCAP_SUBJECT_0075,2026-09-11,14
MOCK_REDCAP_SUBJECT_0075,2026-09-17,9
MOCK_REDCAP_SUBJECT_0075,2026-09-23,10
MOCK_REDCAP_SUBJECT_0075,2026-09-30,9
MOCK_REDCAP_SUBJECT_0076,2026-08-28,32
MOCK_REDCAP_SUBJECT_0077,2026-04-30,27
MOCK_REDCAP_SUBJECT_0077,2026-06-20,26
MOCK_REDCAP_SUBJECT_0077,2026-09-16,29
MOCK_REDCAP_SUBJECT_0078,2026-06-27,32
MOCK_REDCAP_SUBJECT_0079,2026-04-30,20
MOCK_REDCAP_SUBJECT_0079,2026-05-20,24
MOCK_REDCAP_SUBJECT_0079,2026-05-31,21
MOCK_REDCAP_SUBJECT_0079,2026-08-10,23
MOCK_REDCAP_SUBJECT_0079,2026-08-24,22
MOCK_REDCAP_SUBJECT_0080,2026-05-11,24
MOCK_REDCAP_SUBJECT_0080,2026-06-13,25
MOCK_REDCAP_SUBJECT_0080,2026-06-29,23
MOCK_REDCAP_SUBJECT_0081,2026-05-25,22
MOCK_REDCAP_SUBJECT_0081,2026-07-06,24
MOCK_REDCAP_SUBJECT_0081,2026-07-29,22
MOCK_REDCAP_SUBJECT_0081,2026-09-11,18
MOCK_REDCAP_SUBJECT_0081,2026-09-23,21
MOCK_REDCAP_SUBJECT_0082,2026-06-18,28
MOCK_REDCAP_SUBJECT_0082,2026-06-21,29
MOCK_REDCAP_SUBJECT_0082,2026-09-12,25
MOCK_REDCAP_SUBJECT_0083,2026-05-01,16
MOCK_REDCAP_SUBJECT_0083,2026-06-21,22
MOCK_REDCAP_SUBJECT_0083,2026-06-27,13
MOCK_REDCAP_SUBJECT_0083,2026-07-30,15
MOCK_REDCAP_SUBJECT_0083,2026-08-23,15
MOCK_REDCAP_SUBJECT_0083,2026-09-04,13
MOCK_REDCAP_SUBJECT_0083,2026-09-08,14
MOCK_REDCAP_SUBJECT_0083,2026-09-19,18
MOCK_REDCAP_SUBJECT_0084,2026-05-08,20
MOCK_REDCAP_SUBJECT_0084,2026-08-08,21
MOCK_REDCAP_SUBJECT_0084,2026-09-06,21
MOCK_REDCAP_SUBJECT_0084,2026-09-14,16
MOCK_REDCAP_SUBJECT_0084,2026-09-23,21
MOCK_REDCAP_SUBJECT_0085,2026-07-06,32
MOCK_REDCAP_SUBJECT_0086,2026-05-21,20
MOCK_REDCAP_SUBJECT_0086,2026-06-07,17
MOCK_REDCAP_SUBJECT_0086,2026-08-08,19
MOCK_REDCAP_SUBJECT_0086,2026-09-03,21
MOCK_REDCAP_SUBJECT_0086,2026-09-17,19
MOCK_REDCAP_SUBJECT_0087,2026-05-27,32
MOCK_REDCAP_SUBJECT_0088,2026-06-05,30
MOCK_REDCAP_SUBJECT_0088,2026-08-02,26
MOCK_REDCAP_SUBJECT_0088,2026-08-19,29
MOCK_REDCAP_SUBJECT_0089,2026-05-20,19
MOCK_REDCAP_SUBJECT_0089,2026-06-03,19
MOCK_REDCAP_SUBJECT_0089,2026-08-23,22
MOCK_REDCAP_SUBJECT_0089,2026-08-27,29
MOCK_REDCAP_SUBJECT_0089,2026-09-05,17
MOCK_REDCAP_SUBJECT_0090,2026-08-01,24
MOCK_REDCAP_SUBJECT_0090,2026-08-20,27
MOCK_REDCAP_SUBJECT_0090,2026-09-17,28
MOCK_REDCAP_SUBJECT_0091,2026-07-30,22
MOCK_REDCAP_SUBJECT_0091,2026-09-07,22
MOCK_REDCAP_SUBJECT_0091,2026-09-24,30
MOCK_REDCAP_SUBJECT_0092,2026-05-26,22
MOCK_REDCAP_SUBJECT_0092,2026-06-20,23
MOCK_REDCAP_SUBJECT_0092,2026-09-12,18
MOCK_REDCAP_SUBJECT_0092,2026-09-14,21
MOCK_REDCAP_SUBJECT_0092,2026-09-24,19
MOCK_REDCAP_SUBJECT_0093,2026-06-23,24
MOCK_REDCAP_SUBJECT_0093,2026-08-02,28
MOCK_REDCAP_SUBJECT_0093,2026-09-23,25
MOCK_REDCAP_SUBJECT_0094,2026-05-27,14
MOCK_REDCAP_SUBJECT_0094,2026-06-03,16
MOCK_REDCAP_SUBJECT_0094,2026-06-15,13
MOCK_REDCAP_SUBJECT_0094,2026-07-31,14
MOCK_REDCAP_SUBJECT_0094,2026-08-19,15
MOCK_REDCAP_SUBJECT_0094,2026-09-02,13
MOCK_REDCAP_SUBJECT_0094,2026-09-08,14
MOCK_REDCAP_SUBJECT_0094,2026-09-20,17
MOCK_REDCAP_SUBJECT_0095,2026-06-08,28
MOCK_REDCAP_SUBJECT_0095,2026-07-20,24
MOCK_REDCAP_SUBJECT_0095,2026-09-04,21
MOCK_REDCAP_SUBJECT_0096,2026-06-14,27
MOCK_REDCAP_SUBJECT_0096,2026-07-15,26
MOCK_REDCAP_SUBJECT_0096,2026-08-22,31
MOCK_REDCAP_SUBJECT_0097,2026-06-03,23
MOCK_REDCAP_SUBJECT_0097,2026-07-25,24
MOCK_REDCAP_SUBJECT_0097,2026-07-29,21
MOCK_REDCAP_SUBJECT_0097,2026-08-14,20
MOCK_REDCAP_SUBJECT_0097,2026-09-23,18
MOCK_REDCAP_SUBJECT_0098,2026-05-31,10
MOCK_REDCAP_SUBJECT_0098,2026-06-10,8
MOCK_REDCAP_SUBJECT_0098,2026-07-07,9
MOCK_REDCAP_SUBJECT_0098,2026-07-19,12
MOCK_REDCAP_SUBJECT_0098,2026-07-23,12
MOCK_REDCAP_SUBJECT_0098,2026-08-10,13
MOCK_REDCAP_SUBJECT_0098,2026-08-15,12
MOCK_REDCAP_SUBJECT_0098,2026-08-22,13
MOCK_REDCAP_SUBJECT_0098,2026-09-08,9
MOCK_REDCAP_SUBJECT_0098,2026-09-19,10
MOCK_REDCAP_SUBJECT_0099,2026-05-30,29
MOCK_REDCAP_SUBJECT_0099,2026-07-21,27
MOCK_REDCAP_SUBJECT_0099,2026-09-08,26
MOCK_REDCAP_SUBJECT_0100,2026-06-02,23
MOCK_REDCAP_SUBJECT_0100,2026-06-28,28
MOCK_REDCAP_SUBJECT_0100,2026-09-25,28
