subject_id,visit_date,measured_QOL,season,scv2_positive
MOCK_REDCAP_SUBJECT_0001,2025-11-27,11,Autumn,FALSE
MOCK_REDCAP_SUBJECT_0001,2025-12-02,12,Autumn,FALSE
MOCK_REDCAP_SUBJECT_0001,2025-12-08,11,Autumn,FALSE
MOCK_REDCAP_SUBJECT_0001,2026-03-07,11,Winter,FALSE
MOCK_REDCAP_SUBJECT_0001,2026-05-15,14,Spring,FALSE
MOCK_REDCAP_SUBJECT_0001,2026-06-07,11,Spring,FALSE
MOCK_REDCAP_SUBJECT_0001,2026-06-24,7,Summer,FALSE
MOCK_REDCAP_SUBJECT_0001,2026-07-28,12,Summer,FALSE
MOCK_REDCAP_SUBJECT_0001,2026-09-21,10,Summer,FALSE
MOCK_REDCAP_SUBJECT_0002,2026-02-11,31,Winter,FALSE
MOCK_REDCAP_SUBJECT_0003,2025-12-11,21,Autumn,FALSE
MOCK_REDCAP_SUBJECT_0003,2025-12-13,15,Autumn,FALSE
MOCK_REDCAP_SUBJECT_0003,2026-04-15,16,Spring,FALSE
MOCK_REDCAP_SUBJECT_0003,2026-05-26,23,Spring,FALSE
MOCK_REDCAP_SUBJECT_0003,2026-07-04,22,Summer,FALSE
MOCK_REDCAP_SUBJECT_0003,2026-09-27,16,Autumn,FALSE
MOCK_REDCAP_SUBJECT_0004,2026-03-30,27,Spring,FALSE
MOCK_REDCAP_SUBJECT_0004,2026-06-26,25,Summer,FALSE
MOCK_REDCAP_SUBJECT_0004,2026-09-01,23,Summer,FALSE
MOCK_REDCAP_SUBJECT_0004,2026-09-19,25,Summer,FALSE
MOCK_REDCAP_SUBJECT_0005,2026-03-04,25,Winter,FALSE
MOCK_REDCAP_SUBJECT_0005,2026-04-14,29,Spring,FALSE
MOCK_REDCAP_SUBJECT_0005,2026-06-28,28,Summer,FALSE
MOCK_REDCAP_SUBJECT_0005,2026-06-30,24,Summer,TRUE
MOCK_REDCAP_SUBJECT_0006,2026-03-14,31,Winter,FALSE
MOCK_REDCAP_SUBJECT_0007,2026-04-28,32,Spring,FALSE
MOCK_REDCAP_SUBJECT_0008,2025-12-11,32,Autumn,FALSE
MOCK_REDCAP_SUBJECT_0009,2026-09-19,30,Summer,TRUE
MOCK_REDCAP_SUBJECT_0010,2026-08-24,32,Summer,FALSE
MOCK_REDCAP_SUBJECT_0011,2025-12-11,19,Autumn,FALSE
MOCK_REDCAP_SUBJECT_0011,2026-02-10,19,Winter,FALSE
MOCK_REDCAP_SUBJECT_0011,2026-03-03,21,Winter,FALSE
MOCK_REDCAP_SUBJECT_0011,2026-04-24,16,Spring,FALSE
MOCK_REDCAP_SUBJECT_0011,2026-08-13,10,Summer,TRUE
MOCK_REDCAP_SUBJECT_0011,2026-09-29,18,Autumn,FALSE
MOCK_REDCAP_SUBJECT_0012,2025-12-14,5,Autumn,FALSE
MOCK_REDCAP_SUBJECT_0012,2025-12-20,5,Autumn,FALSE
MOCK_REDCAP_SUBJECT_0012,2025-12-31,4,Winter,FALSE
MOCK_REDCAP_SUBJECT_0012,2026-01-14,4,Winter,FALSE
MOCK_REDCAP_SUBJECT_0012,2026-01-21,4,Winter,FALSE
MOCK_REDCAP_SUBJECT_0012,2026-02-24,4,Winter,FALSE
MOCK_REDCAP_SUBJECT_0012,2026-04-14,5,Spring,FALSE
MOCK_REDCAP_SUBJECT_0012,2026-05-19,5,Spring,FALSE
MOCK_REDCAP_SUBJECT_0012,2026-06-16,5,Spring,FALSE
MOCK_REDCAP_SUBJECT_0012,2026-08-09,5,Summer,FALSE
MOCK_REDCAP_SUBJECT_0012,2026-08-23,5,Summer,FALSE
MOCK_REDCAP_SUBJECT_0012,2026-09-03,5,Summer,FALSE
MOCK_REDCAP_SUBJECT_0013,2025-12-11,23,Autumn,FALSE
MOCK_REDCAP_SUBJECT_0013,2026-05-16,27,Spring,FALSE
MOCK_REDCAP_SUBJECT_0013,2026-08-14,26,Summer,FALSE
MOCK_REDCAP_SUBJECT_0013,2026-09-13,24,Summer,FALSE
MOCK_REDCAP_SUBJECT_0014,2026-02-14,15,Winter,FALSE
MOCK_REDCAP_SUBJECT_0014,2026-02-15,17,Winter,FALSE
MOCK_REDCAP_SUBJECT_0014,2026-06-20,19,Spring,FALSE
MOCK_REDCAP_SUBJECT_0014,2026-07-04,18,Summer,TRUE
MOCK_REDCAP_SUBJECT_0014,2026-07-15,17,Summer,FALSE
MOCK_REDCAP_SUBJECT_0014,2026-08-22,15,Summer,FALSE
MOCK_REDCAP_SUBJECT_0015,2026-01-19,14,Winter,TRUE
MOCK_REDCAP_SUBJECT_0015,2026-01-20,15,Winter,FALSE
MOCK_REDCAP_SUBJECT_0015,2026-04-28,20,Spring,FALSE
MOCK_REDCAP_SUBJECT_0015,2026-05-03,20,Spring,FALSE
MOCK_REDCAP_SUBJECT_0015,2026-05-15,20,Spring,FALSE
MOCK_REDCAP_SUBJECT_0015,2026-10-04,20,Autumn,FALSE
MOCK_REDCAP_SUBJECT_0016,2026-02-19,17,Winter,TRUE
MOCK_REDCAP_SUBJECT_0016,2026-06-08,21,Spring,FALSE
MOCK_REDCAP_SUBJECT_0016,2026-06-24,19,Summer,FALSE
MOCK_REDCAP_SUBJECT_0016,2026-06-27,19,Summer,TRUE
MOCK_REDCAP_SUBJECT_0016,2026-07-01,21,Summer,FALSE
MOCK_REDCAP_SUBJECT_0016,2026-09-24,22,Autumn,FALSE
MOCK_REDCAP_SUBJECT_0017,2026-05-06,32,Spring,FALSE
MOCK_REDCAP_SUBJECT_0018,2026-04-03,28,Spring,FALSE
MOCK_REDCAP_SUBJECT_0018,2026-07-07,31,Summer,FALSE
MOCK_REDCAP_SUBJECT_0018,2026-07-16,23,Summer,FALSE
MOCK_REDCAP_SUBJECT_0018,2026-08-09,26,Summer,FALSE
MOCK_REDCAP_SUBJECT_0019,2026-03-27,19,Spring,FALSE
MOCK_REDCAP_SUBJECT_0019,2026-05-26,19,Spring,FALSE
MOCK_REDCAP_SUBJECT_0019,2026-06-07,22,Spring,FALSE
MOCK_REDCAP_SUBJECT_0019,2026-07-03,20,Summer,FALSE
MOCK_REDCAP_SUBJECT_0019,2026-07-05,19,Summer,FALSE
MOCK_REDCAP_SUBJECT_0019,2026-08-04,20,Summer,FALSE
MOCK_REDCAP_SUBJECT_0020,2026-02-04,21,Winter,TRUE
MOCK_REDCAP_SUBJECT_0020,2026-03-31,22,Spring,FALSE
MOCK_REDCAP_SUBJECT_0020,2026-06-19,22,Spring,FALSE
MOCK_REDCAP_SUBJECT_0020,2026-06-21,24,Summer,FALSE
MOCK_REDCAP_SUBJECT_0021,2025-12-29,22,Winter,TRUE
MOCK_REDCAP_SUBJECT_0021,2026-06-03,23,Spring,FALSE
MOCK_REDCAP_SUBJECT_0021,2026-06-19,23,Spring,FALSE
MOCK_REDCAP_SUBJECT_0021,2026-09-11,29,Summer,FALSE
MOCK_REDCAP_SUBJECT_0022,2026-04-18,20,Spring,FALSE
MOCK_REDCAP_SUBJECT_0022,2026-05-14,21,Spring,FALSE
MOCK_REDCAP_SUBJECT_0022,2026-08-02,22,Summer,FALSE
MOCK_REDCAP_SUBJECT_0022,2026-08-10,13,Summer,FALSE
MOCK_REDCAP_SUBJECT_0022,2026-08-16,15,Summer,FALSE
MOCK_REDCAP_SUBJECT_0022,2026-08-17,16,Summer,FALSE
MOCK_REDCAP_SUBJECT_0023,2026-07-04,32,Summer,FALSE
MOCK_REDCAP_SUBJECT_0024,2026-05-10,26,Spring,FALSE
MOCK_REDCAP_SUBJECT_0024,2026-05-29,23,Spring,FALSE
MOCK_REDCAP_SUBJECT_0024,2026-06-11,29,Spring,FALSE
MOCK_REDCAP_SUBJECT_0024,2026-09-25,23,Autumn,FALSE
MOCK_REDCAP_SUBJECT_0025,2026-05-13,25,Spring,FALSE
MOCK_REDCAP_SUBJECT_0025,2026-06-08,26,Spring,FALSE
MOCK_REDCAP_SUBJECT_0025,2026-06-20,21,Spring,FALSE
MOCK_REDCAP_SUBJECT_0025,2026-08-26,26,Summer,TRUE
MOCK_REDCAP_SUBJECT_0026,2026-01-21,18,Winter,TRUE
MOCK_REDCAP_SUBJECT_0026,2026-02-24,16,Winter,FALSE
MOCK_REDCAP_SUBJECT_0026,2026-04-23,22,Spring,FALSE
MOCK_REDCAP_SUBJECT_0026,2026-05-08,22,Spring,FALSE
MOCK_REDCAP_SUBJECT_0026,2026-05-24,15,Spring,FALSE
MOCK_REDCAP_SUBJECT_0026,2026-08-06,15,Summer,FALSE
MOCK_REDCAP_SUBJECT_0027,2026-02-12,24,Winter,FALSE
MOCK_REDCAP_SUBJECT_0027,2026-06-17,27,Spring,FALSE
MOCK_REDCAP_SUBJECT_0027,2026-07-19,23,Summer,FALSE
MOCK_REDCAP_SUBJECT_0027,2026-07-20,30,Summer,FALSE
MOCK_REDCAP_SUBJECT_0028,2026-03-30,26,Spring,FALSE
MOCK_REDCAP_SUBJECT_0028,2026-06-29,24,Summer,FALSE
MOCK_REDCAP_SUBJECT_0028,2026-07-01,26,Summer,FALSE
MOCK_REDCAP_SUBJECT_0028,2026-07-26,23,Summer,TRUE
MOCK_REDCAP_SUBJECT_0029,2026-05-12,32,Spring,FALSE
MOCK_REDCAP_SUBJECT_0030,2026-01-31,19,Winter,FALSE
MOCK_REDCAP_SUBJECT_0030,2026-06-28,22,Summer,FALSE
MOCK_REDCAP_SUBJECT_0030,2026-08-06,26,Summer,FALSE
MOCK_REDCAP_SUBJECT_0030,2026-08-09,26,Summer,FALSE
MOCK_REDCAP_SUBJECT_0031,2026-01-29,12,Winter,TRUE
MOCK_REDCAP_SUBJECT_0031,2026-07-09,13,Summer,FALSE
MOCK_REDCAP_SUBJECT_0031,2026-07-10,21,Summer,FALSE
MOCK_REDCAP_SUBJECT_0031,2026-07-18,11,Summer,FALSE
MOCK_REDCAP_SUBJECT_0031,2026-08-03,11,Summer,FALSE
MOCK_REDCAP_SUBJECT_0031,2026-08-05,13,Summer,FALSE
MOCK_REDCAP_SUBJECT_0031,2026-08-17,11,Summer,FALSE
MOCK_REDCAP_SUBJECT_0031,2026-08-20,13,Summer,FALSE
MOCK_REDCAP_SUBJECT_0031,2026-09-27,8,Autumn,FALSE
MOCK_REDCAP_SUBJECT_0032,2026-02-20,22,Winter,FALSE
MOCK_REDCAP_SUBJECT_0032,2026-05-07,25,Spring,FALSE
MOCK_REDCAP_SUBJECT_0032,2026-05-10,26,Spring,FALSE
MOCK_REDCAP_SUBJECT_0032,2026-06-07,25,Spring,FALSE
MOCK_REDCAP_SUBJECT_0033,2026-02-12,16,Winter,TRUE
MOCK_REDCAP_SUBJECT_0033,2026-02-17,18,Winter,FALSE
MOCK_REDCAP_SUBJECT_0033,2026-02-19,21,Winter,FALSE
MOCK_REDCAP_SUBJECT_0033,2026-03-31,18,Spring,FALSE
MOCK_REDCAP_SUBJECT_0033,2026-04-28,20,Spring,FALSE
MOCK_REDCAP_SUBJECT_0033,2026-07-24,21,Summer,FALSE
MOCK_REDCAP_SUBJECT_0034,2026-06-25,18,Summer,FALSE
MOCK_REDCAP_SUBJECT_0034,2026-07-17,19,Summer,FALSE
MOCK_REDCAP_SUBJECT_0034,2026-07-26,18,Summer,FALSE
MOCK_REDCAP_SUBJECT_0034,2026-08-18,14,Summer,FALSE
MOCK_REDCAP_SUBJECT_0034,2026-09-21,18,Summer,FALSE
MOCK_REDCAP_SUBJECT_0034,2026-10-02,19,Autumn,FALSE
MOCK_REDCAP_SUBJECT_0035,2026-02-17,23,Winter,FALSE
MOCK_REDCAP_SUBJECT_0035,2026-06-16,26,Spring,FALSE
MOCK_REDCAP_SUBJECT_0035,2026-07-17,24,Summer,TRUE
MOCK_REDCAP_SUBJECT_0035,2026-09-02,25,Summer,FALSE
MOCK_REDCAP_SUBJECT_0036,2026-02-23,19,Winter,TRUE
MOCK_REDCAP_SUBJECT_0036,2026-03-12,24,Winter,FALSE
MOCK_REDCAP_SUBJECT_0036,2026-07-03,24,Summer,FALSE
MOCK_REDCAP_SUBJECT_0036,2026-09-06,29,Summer,FALSE
MOCK_REDCAP_SUBJECT_0037,2026-03-19,25,Winter,FALSE
MOCK_REDCAP_SUBJECT_0037,2026-03-30,27,Spring,FALSE
MOCK_REDCAP_SUBJECT_0037,2026-06-26,27,Summer,FALSE
MOCK_REDCAP_SUBJECT_0037,2026-07-26,29,Summer,FALSE
MOCK_REDCAP_SUBJECT_0038,2026-02-23,18,Winter,FALSE
MOCK_REDCAP_SUBJECT_0038,2026-03-22,17,Spring,FALSE
MOCK_REDCAP_SUBJECT_0038,2026-06-29,16,Summer,FALSE
MOCK_REDCAP_SUBJECT_0038,2026-07-19,21,Summer,FALSE
MOCK_REDCAP_SUBJECT_0038,2026-08-28,18,Summer,FALSE
MOCK_REDCAP_SUBJECT_0038,2026-09-26,16,Autumn,FALSE
MOCK_REDCAP_SUBJECT_0039,2026-03-08,21,Winter,FALSE
MOCK_REDCAP_SUBJECT_0039,2026-05-07,23,Spring,FALSE
MOCK_REDCAP_SUBJECT_0039,2026-06-22,25,Summer,TRUE
MOCK_REDCAP_SUBJECT_0039,2026-09-07,24,Summer,FALSE
MOCK_REDCAP_SUBJECT_0040,2026-06-05,17,Spring,FALSE
MOCK_REDCAP_SUBJECT_0040,2026-06-29,16,Summer,FALSE
MOCK_REDCAP_SUBJECT_0040,2026-09-01,20,Summer,FALSE
MOCK_REDCAP_SUBJECT_0040,2026-09-04,14,Summer,FALSE
MOCK_REDCAP_SUBJECT_0040,2026-09-13,15,Summer,FALSE
MOCK_REDCAP_SUBJECT_0040,2026-10-02,19,Autumn,FALSE
MOCK_REDCAP_SUBJECT_0041,2026-05-28,32,Spring,FALSE
MOCK_REDCAP_SUBJECT_0042,2026-03-15,25,Winter,FALSE
MOCK_REDCAP_SUBJECT_0042,2026-04-10,27,Spring,FALSE
MOCK_REDCAP_SUBJECT_0042,2026-07-31,25,Summer,FALSE
MOCK_REDCAP_SUBJECT_0042,2026-09-21,23,Summer,TRUE
MOCK_REDCAP_SUBJECT_0043,2026-03-09,16,Winter,TRUE
MOCK_REDCAP_SUBJECT_0043,2026-03-22,20,Spring,FALSE
MOCK_REDCAP_SUBJECT_0043,2026-06-07,14,Spring,FALSE
MOCK_REDCAP_SUBJECT_0043,2026-06-09,19,Spring,FALSE
MOCK_REDCAP_SUBJECT_0043,2026-07-06,17,Summer,FALSE
MOCK_REDCAP_SUBJECT_0043,2026-07-24,22,Summer,FALSE
MOCK_REDCAP_SUBJECT_0044,2026-06-11,22,Spring,FALSE
MOCK_REDCAP_SUBJECT_0044,2026-06-19,25,Spring,FALSE
MOCK_REDCAP_SUBJECT_0044,2026-07-31,25,Summer,FALSE
MOCK_REDCAP_SUBJECT_0044,2026-08-05,28,Summer,FALSE
MOCK_REDCAP_SUBJECT_0045,2026-04-15,20,Spring,FALSE
MOCK_REDCAP_SUBJECT_0045,2026-04-30,18,Spring,FALSE
MOCK_REDCAP_SUBJECT_0045,2026-06-29,18,Summer,FALSE
MOCK_REDCAP_SUBJECT_0045,2026-07-03,17,Summer,FALSE
MOCK_REDCAP_SUBJECT_0045,2026-07-05,22,Summer,TRUE
MOCK_REDCAP_SUBJECT_0045,2026-08-06,22,Summer,FALSE
MOCK_REDCAP_SUBJECT_0046,2026-07-22,30,Summer,TRUE
MOCK_REDCAP_SUBJECT_0047,2026-04-19,18,Spring,FALSE
MOCK_REDCAP_SUBJECT_0047,2026-04-21,20,Spring,FALSE
MOCK_REDCAP_SUBJECT_0047,2026-05-27,17,Spring,FALSE
MOCK_REDCAP_SUBJECT_0047,2026-09-16,17,Summer,TRUE
MOCK_REDCAP_SUBJECT_0047,2026-09-26,19,Autumn,FALSE
MOCK_REDCAP_SUBJECT_0047,2026-09-29,23,Autumn,FALSE
MOCK_REDCAP_SUBJECT_0048,2026-03-08,25,Winter,FALSE
MOCK_REDCAP_SUBJECT_0048,2026-04-12,24,Spring,FALSE
MOCK_REDCAP_SUBJECT_0048,2026-05-03,21,Spring,FALSE
MOCK_REDCAP_SUBJECT_0048,2026-08-03,27,Summer,FALSE
MOCK_REDCAP_SUBJECT_0049,2026-06-01,32,Spring,FALSE
MOCK_REDCAP_SUBJECT_0050,2026-04-01,19,Spring,FALSE
MOCK_REDCAP_SUBJECT_0050,2026-04-16,18,Spring,FALSE
MOCK_REDCAP_SUBJECT_0050,2026-05-01,15,Spring,FALSE
MOCK_REDCAP_SUBJECT_0050,2026-05-24,19,Spring,FALSE
MOCK_REDCAP_SUBJECT_0050,2026-06-22,18,Summer,TRUE
MOCK_REDCAP_SUBJECT_0050,2026-08-07,20,Summer,FALSE
MOCK_REDCAP_SUBJECT_0051,2026-05-18,24,Spring,FALSE
MOCK_REDCAP_SUBJECT_0051,2026-05-20,24,Spring,FALSE
MOCK_REDCAP_SUBJECT_0051,2026-06-09,25,Spring,FALSE
MOCK_REDCAP_SUBJECT_0051,2026-09-17,27,Summer,FALSE
MOCK_REDCAP_SUBJECT_0052,2026-03-15,4,Winter,FALSE
MOCK_REDCAP_SUBJECT_0052,2026-03-22,5,Spring,FALSE
MOCK_REDCAP_SUBJECT_0052,2026-03-29,5,Spring,FALSE
MOCK_REDCAP_SUBJECT_0052,2026-04-27,5,Spring,FALSE
MOCK_REDCAP_SUBJECT_0052,2026-05-27,5,Spring,FALSE
MOCK_REDCAP_SUBJECT_0052,2026-06-03,5,Spring,FALSE
MOCK_REDCAP_SUBJECT_0052,2026-07-02,5,Summer,FALSE
MOCK_REDCAP_SUBJECT_0052,2026-07-13,5,Summer,FALSE
MOCK_REDCAP_SUBJECT_0052,2026-08-03,5,Summer,FALSE
MOCK_REDCAP_SUBJECT_0052,2026-08-16,5,Summer,FALSE
MOCK_REDCAP_SUBJECT_0052,2026-08-22,5,Summer,FALSE
MOCK_REDCAP_SUBJECT_0052,2026-09-03,5,Summer,FALSE
MOCK_REDCAP_SUBJECT_0053,2026-03-07,23,Winter,FALSE
MOCK_REDCAP_SUBJECT_0053,2026-07-11,27,Summer,FALSE
MOCK_REDCAP_SUBJECT_0053,2026-08-14,23,Summer,TRUE
MOCK_REDCAP_SUBJECT_0053,2026-10-03,29,Autumn,FALSE
MOCK_REDCAP_SUBJECT_0054,2026-03-14,17,Winter,FALSE
MOCK_REDCAP_SUBJECT_0054,2026-04-27,15,Spring,FALSE
MOCK_REDCAP_SUBJECT_0054,2026-06-11,15,Spring,FALSE
MOCK_REDCAP_SUBJECT_0054,2026-06-21,19,Summer,FALSE
MOCK_REDCAP_SUBJECT_0054,2026-08-22,23,Summer,FALSE
MOCK_REDCAP_SUBJECT_0054,2026-09-22,14,Autumn,FALSE
MOCK_REDCAP_SUBJECT_0055,2026-04-13,13,Spring,FALSE
MOCK_REDCAP_SUBJECT_0055,2026-05-03,23,Spring,FALSE
MOCK_REDCAP_SUBJECT_0055,2026-05-06,23,Spring,FALSE
MOCK_REDCAP_SUBJECT_0055,2026-05-11,14,Spring,FALSE
MOCK_REDCAP_SUBJECT_0055,2026-06-11,16,Spring,FALSE
MOCK_REDCAP_SUBJECT_0055,2026-07-15,16,Summer,FALSE
MOCK_REDCAP_SUBJECT_0056,2026-09-30,32,Autumn,FALSE
MOCK_REDCAP_SUBJECT_0057,2026-04-07,18,Spring,FALSE
MOCK_REDCAP_SUBJECT_0057,2026-05-09,18,Spring,FALSE
MOCK_REDCAP_SUBJECT_0057,2026-05-13,16,Spring,FALSE
MOCK_REDCAP_SUBJECT_0057,2026-05-26,19,Spring,FALSE
MOCK_REDCAP_SUBJECT_0057,2026-07-10,19,Summer,TRUE
MOCK_REDCAP_SUBJECT_0057,2026-07-17,13,Summer,TRUE
MOCK_REDCAP_SUBJECT_0058,2026-04-05,24,Spring,FALSE
MOCK_REDCAP_SUBJECT_0058,2026-04-16,25,Spring,FALSE
MOCK_REDCAP_SUBJECT_0058,2026-06-26,26,Summer,TRUE
MOCK_REDCAP_SUBJECT_0058,2026-07-22,22,Summer,FALSE
MOCK_REDCAP_SUBJECT_0059,2026-05-14,28,Spring,FALSE
MOCK_REDCAP_SUBJECT_0059,2026-07-15,23,Summer,FALSE
MOCK_REDCAP_SUBJECT_0059,2026-08-16,23,Summer,FALSE
MOCK_REDCAP_SUBJECT_0059,2026-08-24,23,Summer,TRUE
MOCK_REDCAP_SUBJECT_0060,2026-05-11,18,Spring,FALSE
MOCK_REDCAP_SUBJECT_0060,2026-05-27,13,Spring,FALSE
MOCK_REDCAP_SUBJECT_0060,2026-05-30,16,Spring,FALSE
MOCK_REDCAP_SUBJECT_0060,2026-06-21,18,Summer,FALSE
MOCK_REDCAP_SUBJECT_0060,2026-08-05,18,Summer,FALSE
MOCK_REDCAP_SUBJECT_0060,2026-10-05,19,Autumn,FALSE
MOCK_REDCAP_SUBJECT_0061,2026-03-24,14,Spring,FALSE
MOCK_REDCAP_SUBJECT_0061,2026-04-03,19,Spring,FALSE
MOCK_REDCAP_SUBJECT_0061,2026-07-19,18,Summer,FALSE
MOCK_REDCAP_SUBJECT_0061,2026-07-28,23,Summer,FALSE
MOCK_REDCAP_SUBJECT_0061,2026-08-10,17,Summer,TRUE
MOCK_REDCAP_SUBJECT_0061,2026-09-15,15,Summer,FALSE
MOCK_REDCAP_SUBJECT_0062,2026-04-02,23,Spring,FALSE
MOCK_REDCAP_SUBJECT_0062,2026-05-05,22,Spring,FALSE
MOCK_REDCAP_SUBJECT_0062,2026-05-12,23,Spring,FALSE
MOCK_REDCAP_SUBJECT_0062,2026-05-29,18,Spring,FALSE
MOCK_REDCAP_SUBJECT_0062,2026-08-22,19,Summer,FALSE
MOCK_REDCAP_SUBJECT_0062,2026-09-11,18,Summer,FALSE
MOCK_REDCAP_SUBJECT_0063,2026-09-08,32,Summer,FALSE
MOCK_REDCAP_SUBJECT_0064,2026-04-14,13,Spring,FALSE
MOCK_REDCAP_SUBJECT_0064,2026-05-18,13,Spring,FALSE
MOCK_REDCAP_SUBJECT_0064,2026-05-20,10,Spring,FALSE
MOCK_REDCAP_SUBJECT_0064,2026-05-25,12,Spring,FALSE
MOCK_REDCAP_SUBJECT_0064,2026-07-07,10,Summer,FALSE
MOCK_REDCAP_SUBJECT_0064,2026-07-25,15,Summer,FALSE
MOCK_REDCAP_SUBJECT_0064,2026-07-30,7,Summer,TRUE
MOCK_REDCAP_SUBJECT_0064,2026-09-01,12,Summer,FALSE
MOCK_REDCAP_SUBJECT_0064,2026-09-21,10,Summer,FALSE
MOCK_REDCAP_SUBJECT_0065,2026-06-28,32,Summer,FALSE
MOCK_REDCAP_SUBJECT_0066,2026-05-18,21,Spring,FALSE
MOCK_REDCAP_SUBJECT_0066,2026-06-06,17,Spring,FALSE
MOCK_REDCAP_SUBJECT_0066,2026-06-17,19,Spring,FALSE
MOCK_REDCAP_SUBJECT_0066,2026-08-15,17,Summer,FALSE
MOCK_REDCAP_SUBJECT_0066,2026-09-01,21,Summer,FALSE
MOCK_REDCAP_SUBJECT_0066,2026-09-09,17,Summer,FALSE
MOCK_REDCAP_SUBJECT_0067,2026-10-07,32,Autumn,FALSE
MOCK_REDCAP_SUBJECT_0068,2026-04-30,32,Spring,FALSE
MOCK_REDCAP_SUBJECT_0069,2026-05-24,11,Spring,FALSE
MOCK_REDCAP_SUBJECT_0069,2026-06-07,13,Spring,FALSE
MOCK_REDCAP_SUBJECT_0069,2026-06-20,10,Spring,FALSE
MOCK_REDCAP_SUBJECT_0069,2026-06-30,10,Summer,FALSE
MOCK_REDCAP_SUBJECT_0069,2026-07-09,11,Summer,FALSE
MOCK_REDCAP_SUBJECT_0069,2026-07-27,10,Summer,FALSE
MOCK_REDCAP_SUBJECT_0069,2026-07-31,14,Summer,FALSE
MOCK_REDCAP_SUBJECT_0069,2026-08-06,8,Summer,FALSE
MOCK_REDCAP_SUBJECT_0069,2026-08-18,12,Summer,FALSE
MOCK_REDCAP_SUBJECT_0070,2026-05-30,32,Spring,FALSE
MOCK_REDCAP_SUBJECT_0071,2026-06-14,20,Spring,FALSE
MOCK_REDCAP_SUBJECT_0071,2026-06-26,23,Summer,TRUE
MOCK_REDCAP_SUBJECT_0071,2026-08-08,24,Summer,TRUE
MOCK_REDCAP_SUBJECT_0071,2026-09-02,21,Summer,FALSE
MOCK_REDCAP_SUBJECT_0072,2026-04-20,13,Spring,FALSE
MOCK_REDCAP_SUBJECT_0072,2026-05-13,12,Spring,FALSE
MOCK_REDCAP_SUBJECT_0072,2026-05-24,10,Spring,FALSE
MOCK_REDCAP_SUBJECT_0072,2026-06-18,13,Spring,FALSE
MOCK_REDCAP_SUBJECT_0072,2026-07-01,9,Summer,FALSE
MOCK_REDCAP_SUBJECT_0072,2026-07-15,9,Summer,TRUE
MOCK_REDCAP_SUBJECT_0072,2026-08-08,9,Summer,TRUE
MOCK_REDCAP_SUBJECT_0072,2026-08-30,8,Summer,FALSE
MOCK_REDCAP_SUBJECT_0072,2026-09-08,14,Summer,FALSE
MOCK_REDCAP_SUBJECT_0073,2026-04-15,27,Spring,FALSE
MOCK_REDCAP_SUBJECT_0073,2026-07-09,26,Summer,TRUE
MOCK_REDCAP_SUBJECT_0073,2026-08-13,24,Summer,FALSE
MOCK_REDCAP_SUBJECT_0073,2026-08-30,25,Summer,FALSE
MOCK_REDCAP_SUBJECT_0074,2026-04-30,24,Spring,FALSE
MOCK_REDCAP_SUBJECT_0074,2026-06-11,27,Spring,FALSE
MOCK_REDCAP_SUBJECT_0074,2026-08-02,23,Summer,FALSE
MOCK_REDCAP_SUBJECT_0074,2026-09-03,24,Summer,FALSE
MOCK_REDCAP_SUBJECT_0075,2026-06-14,32,Spring,FALSE
MOCK_REDCAP_SUBJECT_0076,2026-06-03,8,Spring,FALSE
MOCK_REDCAP_SUBJECT_0076,2026-06-17,12,Spring,FALSE
MOCK_REDCAP_SUBJECT_0076,2026-06-23,11,Summer,TRUE
MOCK_REDCAP_SUBJECT_0076,2026-07-04,10,Summer,FALSE
MOCK_REDCAP_SUBJECT_0076,2026-08-10,17,Summer,FALSE
MOCK_REDCAP_SUBJECT_0076,2026-08-23,8,Summer,TRUE
MOCK_REDCAP_SUBJECT_0076,2026-09-03,12,Summer,FALSE
MOCK_REDCAP_SUBJECT_0076,2026-09-15,12,Summer,TRUE
MOCK_REDCAP_SUBJECT_0076,2026-09-16,11,Summer,FALSE
MOCK_REDCAP_SUBJECT_0077,2026-06-05,24,Spring,FALSE
MOCK_REDCAP_SUBJECT_0077,2026-06-10,26,Spring,FALSE
MOCK_REDCAP_SUBJECT_0077,2026-06-30,24,Summer,FALSE
MOCK_REDCAP_SUBJECT_0077,2026-07-26,28,Summer,FALSE
MOCK_REDCAP_SUBJECT_0078,2026-06-13,21,Spring,FALSE
MOCK_REDCAP_SUBJECT_0078,2026-06-28,25,Summer,TRUE
MOCK_REDCAP_SUBJECT_0078,2026-08-13,24,Summer,TRUE
MOCK_REDCAP_SUBJECT_0078,2026-09-18,28,Summer,FALSE
MOCK_REDCAP_SUBJECT_0079,2026-05-15,12,Spring,FALSE
MOCK_REDCAP_SUBJECT_0079,2026-06-05,15,Spring,FALSE
MOCK_REDCAP_SUBJECT_0079,2026-07-17,13,Summer,FALSE
MOCK_REDCAP_SUBJECT_0079,2026-08-21,12,Summer,FALSE
MOCK_REDCAP_SUBJECT_0079,2026-08-25,9,Summer,FALSE
MOCK_REDCAP_SUBJECT_0079,2026-09-21,12,Summer,TRUE
MOCK_REDCAP_SUBJECT_0079,2026-09-24,17,Autumn,FALSE
MOCK_REDCAP_SUBJECT_0079,2026-10-01,17,Autumn,FALSE
MOCK_REDCAP_SUBJECT_0079,2026-10-02,16,Autumn,FALSE
MOCK_REDCAP_SUBJECT_0080,2026-05-16,26,Spring,FALSE
MOCK_REDCAP_SUBJECT_0080,2026-07-13,26,Summer,FALSE
MOCK_REDCAP_SUBJECT_0080,2026-09-19,23,Summer,TRUE
MOCK_REDCAP_SUBJECT_0080,2026-09-29,26,Autumn,FALSE
MOCK_REDCAP_SUBJECT_0081,2026-06-20,32,Spring,FALSE
MOCK_REDCAP_SUBJECT_0082,2026-05-18,13,Spring,FALSE
MOCK_REDCAP_SUBJECT_0082,2026-06-05,12,Spring,FALSE
MOCK_REDCAP_SUBJECT_0082,2026-06-23,11,Summer,FALSE
MOCK_REDCAP_SUBJECT_0082,2026-08-21,8,Summer,FALSE
MOCK_REDCAP_SUBJECT_0082,2026-08-22,12,Summer,FALSE
MOCK_REDCAP_SUBJECT_0082,2026-08-26,14,Summer,FALSE
MOCK_REDCAP_SUBJECT_0082,2026-09-07,10,Summer,FALSE
MOCK_REDCAP_SUBJECT_0082,2026-09-12,8,Summer,FALSE
MOCK_REDCAP_SUBJECT_0082,2026-09-14,11,Summer,FALSE
MOCK_REDCAP_SUBJECT_0083,2026-09-01,32,Summer,FALSE
MOCK_REDCAP_SUBJECT_0084,2026-05-27,8,Spring,FALSE
MOCK_REDCAP_SUBJECT_0084,2026-05-31,18,Spring,FALSE
MOCK_REDCAP_SUBJECT_0084,2026-06-04,12,Spring,FALSE
MOCK_REDCAP_SUBJECT_0084,2026-07-04,12,Summer,FALSE
MOCK_REDCAP_SUBJECT_0084,2026-07-16,13,Summer,FALSE
MOCK_REDCAP_SUBJECT_0084,2026-08-03,10,Summer,FALSE
MOCK_REDCAP_SUBJECT_0084,2026-09-22,9,Autumn,FALSE
MOCK_REDCAP_SUBJECT_0084,2026-10-02,11,Autumn,FALSE
MOCK_REDCAP_SUBJECT_0084,2026-10-06,12,Autumn,FALSE
MOCK_REDCAP_SUBJECT_0085,2026-07-10,30,Summer,TRUE
MOCK_REDCAP_SUBJECT_0086,2026-07-11,25,Summer,FALSE
MOCK_REDCAP_SUBJECT_0086,2026-07-31,26,Summer,TRUE
MOCK_REDCAP_SUBJECT_0086,2026-09-09,23,Summer,TRUE
MOCK_REDCAP_SUBJECT_0086,2026-09-22,24,Autumn,FALSE
MOCK_REDCAP_SUBJECT_0087,2026-06-06,28,Spring,FALSE
MOCK_REDCAP_SUBJECT_0087,2026-08-11,26,Summer,FALSE
MOCK_REDCAP_SUBJECT_0087,2026-08-23,28,Summer,FALSE
MOCK_REDCAP_SUBJECT_0087,2026-10-02,27,Autumn,FALSE
MOCK_REDCAP_SUBJECT_0088,2026-05-13,14,Spring,FALSE
MOCK_REDCAP_SUBJECT_0088,2026-05-15,13,Spring,FALSE
MOCK_REDCAP_SUBJECT_0088,2026-07-11,18,Summer,TRUE
MOCK_REDCAP_SUBJECT_0088,2026-07-27,16,Summer,FALSE
MOCK_REDCAP_SUBJECT_0088,2026-09-08,20,Summer,FALSE
MOCK_REDCAP_SUBJECT_0088,2026-09-28,18,Autumn,FALSE
MOCK_REDCAP_SUBJECT_0089,2026-05-23,18,Spring,FALSE
MOCK_REDCAP_SUBJECT_0089,2026-05-25,18,Spring,FALSE
MOCK_REDCAP_SUBJECT_0089,2026-06-25,15,Summer,FALSE
MOCK_REDCAP_SUBJECT_0089,2026-08-06,19,Summer,FALSE
MOCK_REDCAP_SUBJECT_0089,2026-09-19,17,Summer,FALSE
MOCK_REDCAP_SUBJECT_0089,2026-09-28,17,Autumn,FALSE
MOCK_REDCAP_SUBJECT_0090,2026-05-19,23,Spring,FALSE
MOCK_REDCAP_SUBJECT_0090,2026-07-08,20,Summer,FALSE
MOCK_REDCAP_SUBJECT_0090,2026-08-08,22,Summer,TRUE
MOCK_REDCAP_SUBJECT_0090,2026-10-07,26,Autumn,FALSE
MOCK_REDCAP_SUBJECT_0091,2026-06-22,27,Summer,FALSE
MOCK_REDCAP_SUBJECT_0091,2026-06-27,23,Summer,FALSE
MOCK_REDCAP_SUBJECT_0091,2026-09-09,25,Summer,FALSE
MOCK_REDCAP_SUBJECT_0091,2026-09-11,26,Summer,FALSE
MOCK_REDCAP_SUBJECT_0092,2026-06-17,25,Spring,FALSE
MOCK_REDCAP_SUBJECT_0092,2026-07-09,26,Summer,FALSE
MOCK_REDCAP_SUBJECT_0092,2026-08-13,25,Summer,FALSE
MOCK_REDCAP_SUBJECT_0092,2026-09-26,17,Autumn,FALSE
MOCK_REDCAP_SUBJECT_0093,2026-05-25,28,Spring,FALSE
MOCK_REDCAP_SUBJECT_0093,2026-06-02,26,Spring,FALSE
MOCK_REDCAP_SUBJECT_0093,2026-08-01,24,Summer,FALSE
MOCK_REDCAP_SUBJECT_0093,2026-09-16,24,Summer,TRUE
MOCK_REDCAP_SUBJECT_0094,2026-06-21,15,Summer,FALSE
MOCK_REDCAP_SUBJECT_0094,2026-06-27,8,Summer,FALSE
MOCK_REDCAP_SUBJECT_0094,2026-07-01,13,Summer,FALSE
MOCK_REDCAP_SUBJECT_0094,2026-07-08,6,Summer,TRUE
MOCK_REDCAP_SUBJECT_0094,2026-08-13,13,Summer,FALSE
MOCK_REDCAP_SUBJECT_0094,2026-09-02,13,Summer,FALSE
MOCK_REDCAP_SUBJECT_0094,2026-09-25,10,Autumn,FALSE
MOCK_REDCAP_SUBJECT_0094,2026-09-30,12,Autumn,FALSE
MOCK_REDCAP_SUBJECT_0094,2026-10-03,13,Autumn,FALSE
MOCK_REDCAP_SUBJECT_0095,2026-05-30,30,Spring,FALSE
MOCK_REDCAP_SUBJECT_0095,2026-06-19,25,Spring,FALSE
MOCK_REDCAP_SUBJECT_0095,2026-09-07,23,Summer,TRUE
MOCK_REDCAP_SUBJECT_0095,2026-10-01,27,Autumn,FALSE
MOCK_REDCAP_SUBJECT_0096,2026-06-16,11,Spring,FALSE
MOCK_REDCAP_SUBJECT_0096,2026-07-05,12,Summer,FALSE
MOCK_REDCAP_SUBJECT_0096,2026-07-17,12,Summer,FALSE
MOCK_REDCAP_SUBJECT_0096,2026-08-16,14,Summer,FALSE
MOCK_REDCAP_SUBJECT_0096,2026-08-17,15,Summer,FALSE
MOCK_REDCAP_SUBJECT_0096,2026-08-30,10,Summer,TRUE
MOCK_REDCAP_SUBJECT_0096,2026-09-10,10,Summer,TRUE
MOCK_REDCAP_SUBJECT_0096,2026-09-27,6,Autumn,FALSE
MOCK_REDCAP_SUBJECT_0096,2026-09-28,11,Autumn,FALSE
MOCK_REDCAP_SUBJECT_0097,2026-06-09,32,Spring,FALSE
MOCK_REDCAP_SUBJECT_0098,2026-07-19,26,Summer,FALSE
MOCK_REDCAP_SUBJECT_0098,2026-08-24,25,Summer,FALSE
MOCK_REDCAP_SUBJECT_0098,2026-09-05,24,Summer,FALSE
MOCK_REDCAP_SUBJECT_0098,2026-09-21,25,Summer,FALSE
MOCK_REDCAP_SUBJECT_0099,2026-07-04,16,Summer,TRUE
MOCK_REDCAP_SUBJECT_0099,2026-09-08,20,Summer,FALSE
MOCK_REDCAP_SUBJECT_0099,2026-09-09,20,Summer,TRUE
MOCK_REDCAP_SUBJECT_0099,2026-09-22,13,Autumn,FALSE
MOCK_REDCAP_SUBJECT_0099,2026-09-25,22,Autumn,FALSE
MOCK_REDCAP_SUBJECT_0099,2026-10-02,18,Autumn,FALSE
MOCK_REDCAP_SUBJECT_0100,2026-08-28,30,Summer,TRUE
