record_id,subject_id,last_name,first_name,birth_date,enrollment_date,smoker,rural_residence,diabetes_mellitus,copd,cad
1,MOCK_REDCAP_SUBJECT_0001,Myshawn,Karlene,1956-03-23,2025-11-20,FALSE,FALSE,FALSE,FALSE,FALSE
2,MOCK_REDCAP_SUBJECT_0002,Marguerita,Brennan,1989-07-08,2025-11-25,TRUE,FALSE,FALSE,FALSE,TRUE
3,MOCK_REDCAP_SUBJECT_0003,Ammy,Camerion,1988-03-23,2025-11-26,FALSE,FALSE,FALSE,FALSE,FALSE
4,MOCK_REDCAP_SUBJECT_0004,Loda,Nimrod,1991-08-25,2025-11-29,FALSE,FALSE,TRUE,FALSE,FALSE
5,MOCK_REDCAP_SUBJECT_0005,Daemon,Dawn,1958-01-20,2025-11-29,TRUE,TRUE,FALSE,TRUE,FALSE
6,MOCK_REDCAP_SUBJECT_0006,Karleen,Tashera,1960-11-17,2025-12-01,FALSE,FALSE,FALSE,FALSE,FALSE
7,MOCK_REDCAP_SUBJECT_0007,Perez,Lebron,1996-01-05,2025-12-01,FALSE,FALSE,FALSE,FALSE,FALSE
8,MOCK_REDCAP_SUBJECT_0008,Marilou,Jimi,1956-02-08,2025-12-03,FALSE,FALSE,FALSE,FALSE,FALSE
9,MOCK_REDCAP_SUBJECT_0009,Kristena,Assunta,1968-06-06,2025-12-03,FALSE,TRUE,FALSE,TRUE,FALSE
10,MOCK_REDCAP_SUBJECT_0010,Sallie,Nigel,1974-05-25,2025-12-04,FALSE,TRUE,FALSE,FALSE,FALSE
11,MOCK_REDCAP_SUBJECT_0011,Bashar,Fletcher,1959-04-17,2025-12-05,FALSE,FALSE,TRUE,FALSE,FALSE
12,MOCK_REDCAP_SUBJECT_0012,Sophialynn,Rashara,1983-02-26,2025-12-07,FALSE,FALSE,FALSE,FALSE,TRUE
13,MOCK_REDCAP_SUBJECT_0013,Jenell,Lincy,1964-07-21,2025-12-11,FALSE,TRUE,TRUE,FALSE,FALSE
14,MOCK_REDCAP_SUBJECT_0014,Ariez,Kasidy,1976-03-25,2025-12-13,FALSE,FALSE,FALSE,FALSE,FALSE
15,MOCK_REDCAP_SUBJECT_0015,Ira,Alijah,1946-04-25,2025-12-15,FALSE,FALSE,FALSE,FALSE,FALSE
16,MOCK_REDCAP_SUBJECT_0016,Joia,Madalyn,1980-03-05,2025-12-16,FALSE,TRUE,FALSE,FALSE,TRUE
17,MOCK_REDCAP_SUBJECT_0017,Elvert,Jennice,1983-05-14,2025-12-16,FALSE,TRUE,FALSE,TRUE,FALSE
18,MOCK_REDCAP_SUBJECT_0018,Ubaldo,Kerrie,1948-07-11,2025-12-16,FALSE,FALSE,FALSE,FALSE,FALSE
19,MOCK_REDCAP_SUBJECT_0019,Sybil,Audra,1993-09-05,2025-12-17,FALSE,TRUE,FALSE,FALSE,FALSE
20,MOCK_REDCAP_SUBJECT_0020,Idella,Duaa,1994-07-08,2025-12-18,FALSE,TRUE,FALSE,FALSE,FALSE
21,MOCK_REDCAP_SUBJECT_0021,Tai,Richard,1986-10-08,2025-12-20,FALSE,FALSE,TRUE,FALSE,FALSE
22,MOCK_REDCAP_SUBJECT_0022,Lawryn,Deaven,1979-03-18,2025-12-22,TRUE,FALSE,FALSE,FALSE,TRUE
23,MOCK_REDCAP_SUBJECT_0023,Glynn,Octava,1967-02-09,2025-12-22,FALSE,FALSE,FALSE,FALSE,FALSE
24,MOCK_REDCAP_SUBJECT_0024,Gemini,Sevana,1945-07-19,2025-12-28,FALSE,TRUE,FALSE,FALSE,FALSE
25,MOCK_REDCAP_SUBJECT_0025,Lazarus,Chereen,1983-12-20,2025-12-29,FALSE,TRUE,FALSE,FALSE,FALSE
26,MOCK_REDCAP_SUBJECT_0026,Andon,Antonia,1993-11-17,2025-12-30,FALSE,FALSE,TRUE,FALSE,FALSE
27,MOCK_REDCAP_SUBJECT_0027,Lorina,Maria,1968-09-26,2026-01-02,FALSE,TRUE,TRUE,FALSE,FALSE
28,MOCK_REDCAP_SUBJECT_0028,Berniece,Gordon,1980-09-23,2026-01-04,FALSE,FALSE,FALSE,FALSE,FALSE
29,MOCK_REDCAP_SUBJECT_0029,Herchel,Deonte,1978-10-06,2026-01-05,FALSE,TRUE,TRUE,FALSE,FALSE
30,MOCK_REDCAP_SUBJECT_0030,Kelley,Peace,1962-10-17,2026-01-05,FALSE,FALSE,TRUE,FALSE,FALSE
31,MOCK_REDCAP_SUBJECT_0031,Goldia,Oralia,1955-07-28,2026-01-07,FALSE,TRUE,FALSE,FALSE,FALSE
32,MOCK_REDCAP_SUBJECT_0032,Lela,Reeghan,1976-09-11,2026-01-10,TRUE,TRUE,TRUE,TRUE,TRUE
33,MOCK_REDCAP_SUBJECT_0033,Rockie,Vincenza,1987-02-11,2026-01-11,TRUE,FALSE,FALSE,FALSE,FALSE
34,MOCK_REDCAP_SUBJECT_0034,Pascale,Guenevere,1978-06-22,2026-01-14,TRUE,FALSE,FALSE,FALSE,TRUE
35,MOCK_REDCAP_SUBJECT_0035,Jean,Aviv,1971-09-18,2026-01-16,FALSE,FALSE,FALSE,FALSE,FALSE
36,MOCK_REDCAP_SUBJECT_0036,Latondra,Octavion,1980-01-18,2026-01-17,FALSE,TRUE,FALSE,FALSE,FALSE
37,MOCK_REDCAP_SUBJECT_0037,Jhonael,Kerbi,1963-07-27,2026-01-28,FALSE,TRUE,TRUE,FALSE,FALSE
38,MOCK_REDCAP_SUBJECT_0038,Andon,Raman,1974-10-15,2026-01-29,FALSE,FALSE,FALSE,FALSE,FALSE
39,MOCK_REDCAP_SUBJECT_0039,Cheryl,Azalee,1945-04-08,2026-01-30,FALSE,FALSE,TRUE,FALSE,FALSE
40,MOCK_REDCAP_SUBJECT_0040,Telicia,Christyna,1961-06-02,2026-02-05,FALSE,FALSE,TRUE,TRUE,TRUE
41,MOCK_REDCAP_SUBJECT_0041,Gerrit,Charlet,1948-04-11,2026-02-06,FALSE,FALSE,FALSE,FALSE,FALSE
42,MOCK_REDCAP_SUBJECT_0042,Tandy,Pearla,1958-04-15,2026-02-09,FALSE,FALSE,FALSE,FALSE,TRUE
43,MOCK_REDCAP_SUBJECT_0043,Irish,Yaman,1976-05-14,2026-02-09,FALSE,TRUE,FALSE,FALSE,TRUE
44,MOCK_REDCAP_SUBJECT_0044,Vernia,Elzia,1968-09-04,2026-02-11,FALSE,FALSE,FALSE,FALSE,FALSE
45,MOCK_REDCAP_SUBJECT_0045,Leon,Quiana,1964-05-02,2026-02-12,FALSE,FALSE,TRUE,FALSE,TRUE
46,MOCK_REDCAP_SUBJECT_0046,Joh,Kellian,1949-09-27,2026-02-16,FALSE,TRUE,FALSE,FALSE,TRUE
47,MOCK_REDCAP_SUBJECT_0047,Muaad,Lamarr,1977-05-17,2026-02-18,FALSE,FALSE,FALSE,FALSE,FALSE
48,MOCK_REDCAP_SUBJECT_0048,Charlesetta,Normajean,1975-11-07,2026-02-18,FALSE,FALSE,FALSE,FALSE,FALSE
49,MOCK_REDCAP_SUBJECT_0049,Teonna,Hifza,1996-02-21,2026-02-19,FALSE,FALSE,TRUE,FALSE,FALSE
50,MOCK_REDCAP_SUBJECT_0050,Ernest,Kimiko,1973-04-11,2026-02-20,TRUE,TRUE,FALSE,FALSE,TRUE
51,MOCK_REDCAP_SUBJECT_0051,Ladonna,Cadell,1952-05-16,2026-02-22,FALSE,FALSE,FALSE,FALSE,FALSE
52,MOCK_REDCAP_SUBJECT_0052,Jermari,Finau,1945-07-15,2026-02-23,FALSE,FALSE,TRUE,FALSE,FALSE
53,MOCK_REDCAP_SUBJECT_0053,Ignacio,Dallon,1973-10-05,2026-02-23,FALSE,FALSE,FALSE,FALSE,FALSE
54,MOCK_REDCAP_SUBJECT_0054,Raven,Aivah,1967-12-28,2026-02-24,TRUE,FALSE,FALSE,TRUE,FALSE
55,MOCK_REDCAP_SUBJECT_0055,Loreto,Kadaysha,1958-07-18,2026-03-02,TRUE,FALSE,TRUE,FALSE,TRUE
56,MOCK_REDCAP_SUBJECT_0056,Venice,Patience,1991-02-08,2026-03-04,FALSE,FALSE,FALSE,FALSE,FALSE
57,MOCK_REDCAP_SUBJECT_0057,Amila,Regina,1986-04-04,2026-03-10,FALSE,FALSE,FALSE,FALSE,FALSE
58,MOCK_REDCAP_SUBJECT_0058,Rogan,Stewart,1971-01-02,2026-03-11,FALSE,TRUE,FALSE,FALSE,TRUE
59,MOCK_REDCAP_SUBJECT_0059,Andrell,Rafa,1949-03-07,2026-03-12,TRUE,FALSE,TRUE,TRUE,TRUE
60,MOCK_REDCAP_SUBJECT_0060,Kenzi,Kiondra,1945-08-27,2026-03-14,FALSE,FALSE,FALSE,FALSE,FALSE
61,MOCK_REDCAP_SUBJECT_0061,Arnez,Tamula,1961-08-31,2026-03-17,FALSE,TRUE,FALSE,FALSE,FALSE
62,MOCK_REDCAP_SUBJECT_0062,Chrisy,Devina,1997-06-28,2026-03-22,FALSE,FALSE,TRUE,FALSE,FALSE
63,MOCK_REDCAP_SUBJECT_0063,Jullianna,Silvino,1948-11-18,2026-03-24,FALSE,FALSE,FALSE,FALSE,FALSE
64,MOCK_REDCAP_SUBJECT_0064,Shaan,Angell,1956-10-16,2026-03-25,FALSE,FALSE,FALSE,FALSE,FALSE
65,MOCK_REDCAP_SUBJECT_0065,Dagmar,Rapheal,1971-06-23,2026-03-26,FALSE,TRUE,TRUE,FALSE,FALSE
66,MOCK_REDCAP_SUBJECT_0066,Vonzella,Ladene,1972-01-15,2026-03-27,FALSE,FALSE,TRUE,FALSE,FALSE
67,MOCK_REDCAP_SUBJECT_0067,Ashkon,Murphy,1975-11-09,2026-03-28,TRUE,TRUE,TRUE,TRUE,TRUE
68,MOCK_REDCAP_SUBJECT_0068,Thatcher,Roselyn,1974-08-27,2026-03-28,FALSE,TRUE,TRUE,FALSE,FALSE
69,MOCK_REDCAP_SUBJECT_0069,Angele,Creed,1970-01-07,2026-03-29,FALSE,FALSE,FALSE,FALSE,FALSE
70,MOCK_REDCAP_SUBJECT_0070,Makeeba,Kristan,1960-07-28,2026-03-30,FALSE,TRUE,FALSE,FALSE,FALSE
71,MOCK_REDCAP_SUBJECT_0071,Kelsee,Wray,1985-11-17,2026-04-07,FALSE,FALSE,TRUE,FALSE,FALSE
72,MOCK_REDCAP_SUBJECT_0072,Aibhlinn,Tamzen,1948-10-30,2026-04-11,TRUE,FALSE,FALSE,FALSE,FALSE
73,MOCK_REDCAP_SUBJECT_0073,Conlee,Kassadee,1998-11-12,2026-04-19,FALSE,FALSE,FALSE,FALSE,FALSE
74,MOCK_REDCAP_SUBJECT_0074,Genaro,Truc,1974-04-08,2026-04-19,FALSE,FALSE,TRUE,FALSE,FALSE
75,MOCK_REDCAP_SUBJECT_0075,Teckla,Mahad,1984-02-04,2026-04-20,TRUE,FALSE,FALSE,TRUE,TRUE
76,MOCK_REDCAP_SUBJECT_0076,Esiah,Lenn,1975-11-05,2026-04-22,FALSE,TRUE,FALSE,FALSE,FALSE
77,MOCK_REDCAP_SUBJECT_0077,Deshawn,Tonesha,1958-10-25,2026-04-24,FALSE,FALSE,FALSE,FALSE,FALSE
78,MOCK_REDCAP_SUBJECT_0078,Alexander,Keyna,1979-09-12,2026-04-25,FALSE,TRUE,FALSE,FALSE,FALSE
79,MOCK_REDCAP_SUBJECT_0079,Lamaya,Modenia,1966-11-12,2026-04-25,TRUE,TRUE,FALSE,TRUE,FALSE
80,MOCK_REDCAP_SUBJECT_0080,Maurine,Jaizon,1948-09-01,2026-04-29,FALSE,FALSE,FALSE,FALSE,FALSE
81,MOCK_REDCAP_SUBJECT_0081,Mylie,Jamiya,1983-05-24,2026-04-30,FALSE,FALSE,FALSE,FALSE,TRUE
82,MOCK_REDCAP_SUBJECT_0082,Jacobee,Cozy,1976-08-18,2026-04-30,FALSE,FALSE,FALSE,FALSE,FALSE
83,MOCK_REDCAP_SUBJECT_0083,Apostolos,Michae,1966-01-31,2026-04-30,TRUE,FALSE,TRUE,FALSE,FALSE
84,MOCK_REDCAP_SUBJECT_0084,Wynelle,Christ,1995-04-03,2026-04-30,FALSE,FALSE,TRUE,FALSE,FALSE
85,MOCK_REDCAP_SUBJECT_0085,Lettice,Melanie,1970-04-11,2026-05-01,FALSE,TRUE,FALSE,FALSE,FALSE
86,MOCK_REDCAP_SUBJECT_0086,Carolyne,Keimya,1990-12-12,2026-05-01,FALSE,FALSE,TRUE,FALSE,FALSE
87,MOCK_REDCAP_SUBJECT_0087,Micheal,Tao,1951-05-23,2026-05-03,FALSE,TRUE,FALSE,FALSE,FALSE
88,MOCK_REDCAP_SUBJECT_0088,Annmarie,Norman,1965-06-23,2026-05-08,FALSE,FALSE,FALSE,FALSE,FALSE
89,MOCK_REDCAP_SUBJECT_0089,Leonides,Graham,1972-05-17,2026-05-08,FALSE,TRUE,TRUE,FALSE,TRUE
90,MOCK_REDCAP_SUBJECT_0090,Callin,Kerry,1954-09-18,2026-05-15,FALSE,FALSE,FALSE,FALSE,FALSE
91,MOCK_REDCAP_SUBJECT_0091,Oda,Marley,1996-12-13,2026-05-15,FALSE,TRUE,TRUE,FALSE,FALSE
92,MOCK_REDCAP_SUBJECT_0092,Milan,Maleah,1974-01-04,2026-05-16,FALSE,FALSE,FALSE,FALSE,TRUE
93,MOCK_REDCAP_SUBJECT_0093,Catrinia,Ely,1962-10-27,2026-05-16,FALSE,FALSE,FALSE,FALSE,FALSE
94,MOCK_REDCAP_SUBJECT_0094,Addisynn,Ramello,1970-03-13,2026-05-20,TRUE,FALSE,FALSE,FALSE,TRUE
95,MOCK_REDCAP_SUBJECT_0095,Emyah,Kassim,1965-08-06,2026-05-22,FALSE,TRUE,FALSE,TRUE,FALSE
96,MOCK_REDCAP_SUBJECT_0096,Avery,Devina,1979-10-29,2026-05-25,FALSE,FALSE,FALSE,FALSE,FALSE
97,MOCK_REDCAP_SUBJECT_0097,Kash,Mercy,1970-05-15,2026-05-26,FALSE,FALSE,TRUE,FALSE,FALSE
98,MOCK_REDCAP_SUBJECT_0098,Jonh,Jeana,1960-03-05,2026-05-28,TRUE,FALSE,TRUE,TRUE,FALSE
99,MOCK_REDCAP_SUBJECT_0099,Leiyah,Tavon,1972-06-29,2026-05-29,FALSE,FALSE,FALSE,FALSE,FALSE
100,MOCK_REDCAP_SUBJECT_0100,Dennis,Neilie,1991-07-27,2026-06-02,FALSE,FALSE,FALSE,FALSE,FALSE
